-- phpMyAdmin SQL Dump
-- version 5.0.3
-- https://www.phpmyadmin.net/
--
-- Host: 127.0.0.1
-- Generation Time: Apr 20, 2021 at 08:19 PM
-- Server version: 10.4.14-MariaDB
-- PHP Version: 7.2.34

SET SQL_MODE = "NO_AUTO_VALUE_ON_ZERO";
START TRANSACTION;
SET time_zone = "+00:00";


/*!40101 SET @OLD_CHARACTER_SET_CLIENT=@@CHARACTER_SET_CLIENT */;
/*!40101 SET @OLD_CHARACTER_SET_RESULTS=@@CHARACTER_SET_RESULTS */;
/*!40101 SET @OLD_COLLATION_CONNECTION=@@COLLATION_CONNECTION */;
/*!40101 SET NAMES utf8mb4 */;

--
-- Database: `mighty_minds`
--

-- --------------------------------------------------------

--
-- Table structure for table `articles`
--

CREATE TABLE `articles` (
  `ID` int(11) NOT NULL,
  `Name` varchar(128) DEFAULT NULL,
  `ArticleName` varchar(128) NOT NULL,
  `Size` int(11) DEFAULT NULL
) ENGINE=InnoDB DEFAULT CHARSET=utf8mb4;

-- --------------------------------------------------------

--
-- Table structure for table `employee`
--

CREATE TABLE `employee` (
  `ID` int(11) NOT NULL,
  `Name` varchar(225) NOT NULL,
  `Password` varchar(225) NOT NULL,
  `Email` varchar(225) NOT NULL,
  `Department` varchar(225) NOT NULL,
  `Location` varchar(225) NOT NULL,
  `Supervisor` varchar(225) NOT NULL,
  `role` varchar(225) NOT NULL DEFAULT 'user'
) ENGINE=InnoDB DEFAULT CHARSET=utf8mb4;

--
-- Dumping data for table `employee`
--

INSERT INTO `employee` (`ID`, `Name`, `Password`, `Email`, `Department`, `Location`, `Supervisor`, `role`) VALUES
(1, 'Dilakshan', 'welcome@123', 'dil@gmail.com', 'Finance', '1', 'james', 'admin'),
(2, 'Jhon', '12345', 'Jhon@a.b', 'QA', '2', 'Jackson', 'user'),
(3, 'William ', '12345', 'William @a.b', 'Engineering', '3', 'Scarlet', 'user'),
(4, 'Edward', '12345', 'Edward@a.b', 'BA', '4', 'Carter', 'user'),
(5, 'Mason', '12345', 'Mason@a.b', 'HR', '5', 'Hazel', 'user'),
(6, 'Harper', '12345', 'Harper@a.b', 'QA', '6', 'Ellie', 'user');

-- --------------------------------------------------------

--
-- Table structure for table `mood`
--

CREATE TABLE `mood` (
  `ID` int(11) NOT NULL,
  `EmployeeID` int(11) NOT NULL,
  `Mood` varchar(225) NOT NULL,
  `DatePosted` date NOT NULL,
  `TimePosted` time NOT NULL
) ENGINE=InnoDB DEFAULT CHARSET=utf8mb4;

--
-- Dumping data for table `mood`
--

INSERT INTO `mood` (`ID`, `EmployeeID`, `Mood`, `DatePosted`, `TimePosted`) VALUES
(4, 1, 'Bad', '2021-02-15', '00:00:00'),
(6, 1, 'OKay', '2021-02-16', '00:00:00'),
(8, 1, 'Good', '2021-02-17', '00:00:00'),
(10, 1, 'Great', '2021-02-18', '00:00:00'),
(12, 1, 'Bad', '2021-02-19', '00:00:00'),
(14, 1, 'OKay', '2021-02-20', '00:00:00'),
(16, 1, 'Good', '2021-02-21', '00:00:00'),
(18, 1, 'Great', '2021-02-22', '00:00:00'),
(20, 1, 'Bad', '2021-02-23', '00:00:00'),
(22, 1, 'OKay', '2021-02-24', '00:00:00'),
(24, 1, 'Good', '2021-02-25', '00:00:00'),
(26, 1, 'Great', '2021-02-26', '00:00:00'),
(28, 1, 'Bad', '2021-02-27', '00:00:00'),
(30, 1, 'OKay', '2021-02-28', '00:00:00'),
(32, 1, 'Good', '2021-03-01', '00:00:00'),
(34, 1, 'Great', '2021-03-02', '00:00:00'),
(36, 1, 'Bad', '2021-03-03', '00:00:00'),
(38, 1, 'OKay', '2021-03-04', '00:00:00'),
(40, 1, 'Good', '2021-03-05', '00:00:00'),
(42, 1, 'Great', '2021-03-06', '00:00:00'),
(44, 1, 'Bad', '2021-03-07', '00:00:00'),
(46, 1, 'OKay', '2021-03-08', '00:00:00'),
(48, 1, 'Good', '2021-03-09', '00:00:00'),
(50, 1, 'Great', '2021-03-10', '00:00:00'),
(52, 1, 'Bad', '2021-03-11', '00:00:00'),
(54, 1, 'OKay', '2021-03-12', '00:00:00'),
(56, 1, 'Good', '2021-03-13', '00:00:00'),
(58, 1, 'Great', '2021-03-14', '00:00:00'),
(60, 1, 'Bad', '2021-03-15', '00:00:00'),
(62, 1, 'OKay', '2021-03-16', '00:00:00'),
(64, 1, 'Good', '2021-03-17', '00:00:00'),
(66, 1, 'Great', '2021-03-18', '00:00:00'),
(68, 1, 'Bad', '2021-03-19', '00:00:00'),
(70, 1, 'OKay', '2021-03-20', '00:00:00'),
(72, 1, 'Good', '2021-03-21', '00:00:00'),
(74, 1, 'Great', '2021-03-22', '00:00:00'),
(76, 1, 'Bad', '2021-03-23', '00:00:00'),
(78, 1, 'OKay', '2021-03-24', '00:00:00'),
(80, 1, 'Good', '2021-03-25', '00:00:00'),
(82, 1, 'Great', '2021-03-26', '00:00:00'),
(84, 1, 'Bad', '2021-03-27', '00:00:00'),
(86, 1, 'OKay', '2021-03-28', '00:00:00'),
(88, 1, 'Good', '2021-03-29', '00:00:00'),
(90, 1, 'Great', '2021-03-30', '00:00:00'),
(92, 1, 'Bad', '2021-03-31', '00:00:00'),
(94, 1, 'OKay', '2021-04-01', '00:00:00'),
(96, 1, 'Good', '2021-04-02', '00:00:00'),
(98, 1, 'Great', '2021-04-03', '00:00:00'),
(100, 1, 'Bad', '2021-04-04', '00:00:00'),
(102, 1, 'OKay', '2021-04-05', '00:00:00'),
(104, 1, 'Good', '2021-04-06', '00:00:00'),
(106, 1, 'Great', '2021-04-07', '00:00:00'),
(108, 1, 'Bad', '2021-04-08', '00:00:00'),
(110, 1, 'OKay', '2021-04-09', '00:00:00'),
(112, 1, 'Good', '2021-04-10', '00:00:00'),
(114, 1, 'Great', '2021-04-11', '00:00:00'),
(116, 1, 'Bad', '2021-04-12', '00:00:00'),
(118, 1, 'OKay', '2021-04-13', '00:00:00'),
(120, 1, 'Good', '2021-04-14', '00:00:00'),
(122, 1, 'Great', '2021-04-15', '00:00:00'),
(124, 1, 'Bad', '2021-04-16', '00:00:00'),
(126, 1, 'OKay', '2021-04-17', '00:00:00'),
(128, 1, 'Bad', '2021-04-18', '00:00:00'),
(130, 2, 'Good', '2021-02-15', '00:00:00'),
(132, 2, 'Okay', '2021-02-16', '00:00:00'),
(134, 2, 'Good', '2021-02-17', '00:00:00'),
(136, 2, 'Bad', '2021-02-18', '00:00:00'),
(138, 2, 'Great', '2021-02-19', '00:00:00'),
(140, 2, 'Okay', '2021-02-20', '00:00:00'),
(142, 2, 'Bad', '2021-02-21', '00:00:00'),
(144, 2, 'Bad', '2021-02-22', '00:00:00'),
(146, 2, 'Great', '2021-02-23', '00:00:00'),
(148, 2, 'Bad', '2021-02-24', '00:00:00'),
(150, 2, 'Great', '2021-02-25', '00:00:00'),
(152, 2, 'Bad', '2021-02-26', '00:00:00'),
(154, 2, 'Okay', '2021-02-27', '00:00:00'),
(156, 2, 'Bad', '2021-02-28', '00:00:00'),
(158, 2, 'Good', '2021-03-01', '00:00:00'),
(160, 2, 'Bad', '2021-03-02', '00:00:00'),
(162, 2, 'Good', '2021-03-03', '00:00:00'),
(164, 2, 'Bad', '2021-03-04', '00:00:00'),
(166, 2, 'Bad', '2021-03-05', '00:00:00'),
(168, 2, 'Good', '2021-03-06', '00:00:00'),
(170, 2, 'Good', '2021-03-07', '00:00:00'),
(172, 2, 'Bad', '2021-03-08', '00:00:00'),
(174, 2, 'Okay', '2021-03-09', '00:00:00'),
(176, 2, 'Okay', '2021-03-10', '00:00:00'),
(178, 2, 'Good', '2021-03-11', '00:00:00'),
(180, 2, 'Great', '2021-03-12', '00:00:00'),
(182, 2, 'Bad', '2021-03-13', '00:00:00'),
(184, 2, 'Good', '2021-03-14', '00:00:00'),
(186, 2, 'Great', '2021-03-15', '00:00:00'),
(188, 2, 'Good', '2021-03-16', '00:00:00'),
(190, 2, 'Bad', '2021-03-17', '00:00:00'),
(192, 2, 'Okay', '2021-03-18', '00:00:00'),
(194, 2, 'Bad', '2021-03-19', '00:00:00'),
(196, 2, 'Bad', '2021-03-20', '00:00:00'),
(198, 2, 'Good', '2021-03-21', '00:00:00'),
(200, 2, 'Bad', '2021-03-22', '00:00:00'),
(202, 2, 'Bad', '2021-03-23', '00:00:00'),
(204, 2, 'Great', '2021-03-24', '00:00:00'),
(206, 2, 'Bad', '2021-03-25', '00:00:00'),
(208, 2, 'Good', '2021-03-26', '00:00:00'),
(210, 2, 'Okay', '2021-03-27', '00:00:00'),
(212, 2, 'Bad', '2021-03-28', '00:00:00'),
(214, 2, 'Bad', '2021-03-29', '00:00:00'),
(216, 2, 'Okay', '2021-03-30', '00:00:00'),
(218, 2, 'Good', '2021-03-31', '00:00:00'),
(220, 2, 'Good', '2021-04-01', '00:00:00'),
(222, 2, 'Good', '2021-04-02', '00:00:00'),
(224, 2, 'Great', '2021-04-03', '00:00:00'),
(226, 2, 'Bad', '2021-04-04', '00:00:00'),
(228, 2, 'Okay', '2021-04-05', '00:00:00'),
(230, 2, 'Okay', '2021-04-06', '00:00:00'),
(232, 2, 'Bad', '2021-04-07', '00:00:00'),
(234, 2, 'Good', '2021-04-08', '00:00:00'),
(236, 2, 'Great', '2021-04-09', '00:00:00'),
(238, 2, 'Bad', '2021-04-10', '00:00:00'),
(240, 2, 'Good', '2021-04-11', '00:00:00'),
(242, 2, 'Bad', '2021-04-12', '00:00:00'),
(244, 2, 'Good', '2021-04-13', '00:00:00'),
(246, 2, 'Great', '2021-04-14', '00:00:00'),
(248, 2, 'Good', '2021-04-15', '00:00:00'),
(250, 2, 'Bad', '2021-04-16', '00:00:00'),
(252, 2, 'Okay', '2021-04-17', '00:00:00'),
(254, 2, 'Great', '2021-04-18', '00:00:00'),
(256, 3, 'Great', '2021-02-15', '00:00:00'),
(258, 3, 'Good', '2021-02-16', '00:00:00'),
(260, 3, 'Okay', '2021-02-17', '00:00:00'),
(262, 3, 'Bad', '2021-02-18', '00:00:00'),
(264, 3, 'Good', '2021-02-19', '00:00:00'),
(266, 3, 'Great', '2021-02-20', '00:00:00'),
(268, 3, 'Great', '2021-02-21', '00:00:00'),
(270, 3, 'Great', '2021-02-22', '00:00:00'),
(272, 3, 'Good', '2021-02-23', '00:00:00'),
(274, 3, 'Okay', '2021-02-24', '00:00:00'),
(276, 3, 'Bad', '2021-02-25', '00:00:00'),
(278, 3, 'Bad', '2021-02-26', '00:00:00'),
(280, 3, 'Okay', '2021-02-27', '00:00:00'),
(282, 3, 'Good', '2021-02-28', '00:00:00'),
(284, 3, 'Great', '2021-03-01', '00:00:00'),
(286, 3, 'Great', '2021-03-02', '00:00:00'),
(288, 3, 'Great', '2021-03-03', '00:00:00'),
(290, 3, 'Good', '2021-03-04', '00:00:00'),
(292, 3, 'Bad', '2021-03-05', '00:00:00'),
(294, 3, 'Bad', '2021-03-06', '00:00:00'),
(296, 3, 'Bad', '2021-03-07', '00:00:00'),
(298, 3, 'Okay', '2021-03-08', '00:00:00'),
(300, 3, 'Great', '2021-03-09', '00:00:00'),
(302, 3, 'Great', '2021-03-10', '00:00:00'),
(304, 3, 'Good', '2021-03-11', '00:00:00'),
(306, 3, 'Okay', '2021-03-12', '00:00:00'),
(308, 3, 'Bad', '2021-03-13', '00:00:00'),
(310, 3, 'Bad', '2021-03-14', '00:00:00'),
(312, 3, 'Bad', '2021-03-15', '00:00:00'),
(314, 3, 'Good', '2021-03-16', '00:00:00'),
(316, 3, 'Good', '2021-03-17', '00:00:00'),
(318, 3, 'Okay', '2021-03-18', '00:00:00'),
(320, 3, 'Bad', '2021-03-19', '00:00:00'),
(322, 3, 'Great', '2021-03-20', '00:00:00'),
(324, 3, 'Okay', '2021-03-21', '00:00:00'),
(326, 3, 'Bad', '2021-03-22', '00:00:00'),
(328, 3, 'Okay', '2021-03-23', '00:00:00'),
(330, 3, 'Great', '2021-03-24', '00:00:00'),
(332, 3, 'Bad', '2021-03-25', '00:00:00'),
(334, 3, 'Bad', '2021-03-26', '00:00:00'),
(336, 3, 'Great', '2021-03-27', '00:00:00'),
(338, 3, 'Good', '2021-03-28', '00:00:00'),
(340, 3, 'Bad', '2021-03-29', '00:00:00'),
(342, 3, 'Okay', '2021-03-30', '00:00:00'),
(344, 3, 'Bad', '2021-03-31', '00:00:00'),
(346, 3, 'Okay', '2021-04-01', '00:00:00'),
(348, 3, 'Great', '2021-04-02', '00:00:00'),
(350, 3, 'Good', '2021-04-03', '00:00:00'),
(352, 3, 'Bad', '2021-04-04', '00:00:00'),
(354, 3, 'Great', '2021-04-05', '00:00:00'),
(356, 3, 'Good', '2021-04-06', '00:00:00'),
(358, 3, 'Bad', '2021-04-07', '00:00:00'),
(360, 3, 'Okay', '2021-04-08', '00:00:00'),
(362, 3, 'Great', '2021-04-09', '00:00:00'),
(364, 3, 'Good', '2021-04-10', '00:00:00'),
(366, 3, 'Bad', '2021-04-11', '00:00:00'),
(368, 3, 'Bad', '2021-04-12', '00:00:00'),
(370, 3, 'Great', '2021-04-13', '00:00:00'),
(372, 3, 'Good', '2021-04-14', '00:00:00'),
(374, 3, 'Okay', '2021-04-15', '00:00:00'),
(376, 3, 'Okay', '2021-04-16', '00:00:00'),
(378, 3, 'Bad', '2021-04-17', '00:00:00'),
(380, 3, 'Great', '2021-04-18', '00:00:00'),
(388, 4, 'Good', '2021-02-18', '00:00:00'),
(390, 4, 'Okay', '2021-02-19', '00:00:00'),
(400, 4, 'Great', '2021-02-24', '00:00:00'),
(402, 4, 'Good', '2021-02-25', '00:00:00'),
(404, 4, 'Bad', '2021-02-26', '00:00:00'),
(412, 4, 'Okay', '2021-03-02', '00:00:00'),
(414, 4, 'Good', '2021-03-03', '00:00:00'),
(418, 4, 'Bad', '2021-03-05', '00:00:00'),
(422, 4, 'Great', '2021-03-07', '00:00:00'),
(426, 4, 'Bad', '2021-03-09', '00:00:00'),
(428, 4, 'Okay', '2021-03-10', '00:00:00'),
(430, 4, 'Good', '2021-03-11', '00:00:00'),
(438, 4, 'Great', '2021-03-15', '00:00:00'),
(442, 4, 'Good', '2021-03-17', '00:00:00'),
(448, 4, 'Good', '2021-03-20', '00:00:00'),
(450, 4, 'Bad', '2021-03-21', '00:00:00'),
(458, 4, 'Good', '2021-03-25', '00:00:00'),
(464, 4, 'Bad', '2021-03-29', '00:00:00'),
(468, 4, 'Bad', '2021-03-31', '00:00:00'),
(470, 4, 'Bad', '2021-04-01', '00:00:00'),
(472, 4, 'Good', '2021-04-02', '00:00:00'),
(480, 4, 'Bad', '2021-04-06', '00:00:00'),
(482, 4, 'Bad', '2021-02-15', '00:00:00'),
(484, 4, 'Bad', '2021-02-16', '00:00:00'),
(486, 4, 'Bad', '2021-02-17', '00:00:00'),
(492, 4, 'Okay', '2021-02-20', '00:00:00'),
(494, 4, 'Bad', '2021-02-21', '00:00:00'),
(496, 4, 'Bad', '2021-02-22', '00:00:00'),
(498, 4, 'Good', '2021-02-23', '00:00:00'),
(506, 4, 'Bad', '2021-02-27', '00:00:00'),
(508, 4, 'Okay', '2021-02-28', '00:00:00'),
(510, 4, 'Bad', '2021-03-01', '00:00:00'),
(516, 4, 'Great', '2021-03-04', '00:00:00'),
(520, 4, 'Great', '2021-03-06', '00:00:00'),
(524, 4, 'Bad', '2021-03-08', '00:00:00'),
(532, 4, 'Good', '2021-03-12', '00:00:00'),
(534, 4, 'Good', '2021-03-13', '00:00:00'),
(536, 4, 'Bad', '2021-03-14', '00:00:00'),
(540, 4, 'Bad', '2021-03-16', '00:00:00'),
(544, 4, 'Okay', '2021-03-18', '00:00:00'),
(546, 4, 'Bad', '2021-03-19', '00:00:00'),
(552, 4, 'Good', '2021-03-22', '00:00:00'),
(554, 4, 'Great', '2021-03-23', '00:00:00'),
(556, 4, 'Bad', '2021-03-24', '00:00:00'),
(560, 4, 'Okay', '2021-03-26', '00:00:00'),
(562, 4, 'Great', '2021-03-27', '00:00:00'),
(564, 4, 'Great', '2021-03-28', '00:00:00'),
(568, 4, 'Great', '2021-03-30', '00:00:00'),
(576, 4, 'Great', '2021-04-03', '00:00:00'),
(578, 4, 'Good', '2021-04-04', '00:00:00'),
(580, 4, 'Bad', '2021-04-05', '00:00:00'),
(584, 4, 'Great', '2021-04-07', '00:00:00'),
(586, 4, 'Okay', '2021-04-08', '00:00:00'),
(588, 4, 'Good', '2021-04-09', '00:00:00'),
(590, 4, 'Bad', '2021-04-10', '00:00:00'),
(592, 4, 'Great', '2021-04-11', '00:00:00'),
(594, 4, 'Bad', '2021-04-12', '00:00:00'),
(596, 4, 'Bad', '2021-04-13', '00:00:00'),
(598, 4, 'Good', '2021-04-14', '00:00:00'),
(600, 4, 'Okay', '2021-04-15', '00:00:00'),
(602, 4, 'Great', '2021-04-16', '00:00:00'),
(604, 4, 'Good', '2021-04-17', '00:00:00'),
(606, 4, 'Bad', '2021-04-18', '00:00:00'),
(608, 5, 'Great', '2021-02-15', '00:00:00'),
(610, 5, 'Good', '2021-02-16', '00:00:00'),
(612, 5, 'Great', '2021-02-17', '00:00:00'),
(614, 5, 'Okay', '2021-02-18', '00:00:00'),
(616, 5, 'Great', '2021-02-19', '00:00:00'),
(618, 5, 'Good', '2021-02-20', '00:00:00'),
(620, 5, 'Okay', '2021-02-21', '00:00:00'),
(622, 5, 'Good', '2021-02-22', '00:00:00'),
(624, 5, 'Bad', '2021-02-23', '00:00:00'),
(626, 5, 'Great', '2021-02-24', '00:00:00'),
(628, 5, 'Great', '2021-02-25', '00:00:00'),
(630, 5, 'Great', '2021-02-26', '00:00:00'),
(632, 5, 'Good', '2021-02-27', '00:00:00'),
(634, 5, 'Bad', '2021-02-28', '00:00:00'),
(636, 5, 'Great', '2021-03-01', '00:00:00'),
(638, 5, 'Good', '2021-03-02', '00:00:00'),
(640, 5, 'Bad', '2021-03-03', '00:00:00'),
(642, 5, 'Great', '2021-03-04', '00:00:00'),
(644, 5, 'Great', '2021-03-05', '00:00:00'),
(646, 5, 'Great', '2021-03-06', '00:00:00'),
(648, 5, 'Good', '2021-03-07', '00:00:00'),
(650, 5, 'Okay', '2021-03-08', '00:00:00'),
(652, 5, 'Okay', '2021-03-09', '00:00:00'),
(654, 5, 'Good', '2021-03-10', '00:00:00'),
(656, 5, 'Great', '2021-03-11', '00:00:00'),
(658, 5, 'Good', '2021-03-12', '00:00:00'),
(660, 5, 'Okay', '2021-03-13', '00:00:00'),
(662, 5, 'Great', '2021-03-14', '00:00:00'),
(664, 5, 'Okay', '2021-03-15', '00:00:00'),
(666, 5, 'Bad', '2021-03-16', '00:00:00'),
(668, 5, 'Great', '2021-03-17', '00:00:00'),
(670, 5, 'Good', '2021-03-18', '00:00:00'),
(672, 5, 'Bad', '2021-03-19', '00:00:00'),
(674, 5, 'Great', '2021-03-20', '00:00:00'),
(676, 5, 'Great', '2021-03-21', '00:00:00'),
(678, 5, 'Bad', '2021-03-22', '00:00:00'),
(680, 5, 'Bad', '2021-03-23', '00:00:00'),
(682, 5, 'Great', '2021-03-24', '00:00:00'),
(684, 5, 'Great', '2021-03-25', '00:00:00'),
(686, 5, 'Bad', '2021-03-26', '00:00:00'),
(688, 5, 'Good', '2021-03-27', '00:00:00'),
(690, 5, 'Good', '2021-03-28', '00:00:00'),
(692, 5, 'Bad', '2021-03-29', '00:00:00'),
(694, 5, 'Great', '2021-03-30', '00:00:00'),
(696, 5, 'Okay', '2021-03-31', '00:00:00'),
(698, 5, 'Okay', '2021-04-01', '00:00:00'),
(700, 5, 'Great', '2021-04-02', '00:00:00'),
(702, 5, 'Good', '2021-04-03', '00:00:00'),
(704, 5, 'Bad', '2021-04-04', '00:00:00'),
(706, 5, 'Great', '2021-04-05', '00:00:00'),
(708, 5, 'Great', '2021-04-06', '00:00:00'),
(710, 5, 'Great', '2021-04-07', '00:00:00'),
(712, 5, 'Okay', '2021-04-08', '00:00:00'),
(714, 5, 'Okay', '2021-04-09', '00:00:00'),
(716, 5, 'Great', '2021-04-10', '00:00:00'),
(718, 5, 'Great', '2021-04-11', '00:00:00'),
(720, 5, 'Bad', '2021-04-12', '00:00:00'),
(722, 5, 'Great', '2021-04-13', '00:00:00'),
(724, 5, 'Good', '2021-04-14', '00:00:00'),
(726, 5, 'Okay', '2021-04-15', '00:00:00'),
(728, 5, 'Great', '2021-04-16', '00:00:00'),
(730, 5, 'Great', '2021-04-17', '00:00:00'),
(732, 5, 'Great', '2021-04-18', '00:00:00'),
(734, 6, 'Good', '2021-02-15', '00:00:00'),
(736, 6, 'Okay', '2021-02-16', '00:00:00'),
(738, 6, 'Bad', '2021-02-17', '00:00:00'),
(740, 6, 'Okay', '2021-02-18', '00:00:00'),
(742, 6, 'Good', '2021-02-19', '00:00:00'),
(744, 6, 'Great', '2021-02-20', '00:00:00'),
(746, 6, 'Bad', '2021-02-21', '00:00:00'),
(748, 6, 'Good', '2021-02-22', '00:00:00'),
(750, 6, '', '2021-02-23', '00:00:00'),
(752, 6, 'Okay', '2021-02-24', '00:00:00'),
(754, 6, 'Great', '2021-02-25', '00:00:00'),
(756, 6, 'Okay', '2021-02-26', '00:00:00'),
(758, 6, 'Good', '2021-02-27', '00:00:00'),
(760, 6, 'Great', '2021-02-28', '00:00:00'),
(762, 6, 'Okay', '2021-03-01', '00:00:00'),
(764, 6, 'Okay', '2021-03-02', '00:00:00'),
(766, 6, 'Great', '2021-03-03', '00:00:00'),
(768, 6, 'Bad', '2021-03-04', '00:00:00'),
(770, 6, 'Good', '2021-03-05', '00:00:00'),
(772, 6, 'Bad', '2021-03-06', '00:00:00'),
(774, 6, 'Good', '2021-03-07', '00:00:00'),
(776, 6, 'Great', '2021-03-08', '00:00:00'),
(778, 6, 'Bad', '2021-03-09', '00:00:00'),
(780, 6, 'Good', '2021-03-10', '00:00:00'),
(782, 6, 'Great', '2021-03-11', '00:00:00'),
(784, 6, 'Bad', '2021-03-12', '00:00:00'),
(786, 6, 'Okay', '2021-03-13', '00:00:00'),
(788, 6, 'Good', '2021-03-14', '00:00:00'),
(790, 6, 'Great', '2021-03-15', '00:00:00'),
(792, 6, 'Good', '2021-03-16', '00:00:00'),
(794, 6, 'Great', '2021-03-17', '00:00:00'),
(796, 6, 'Bad', '2021-03-18', '00:00:00'),
(798, 6, 'Great', '2021-03-19', '00:00:00'),
(800, 6, 'Good', '2021-03-20', '00:00:00'),
(802, 6, 'Great', '2021-03-21', '00:00:00'),
(804, 6, 'Okay', '2021-03-22', '00:00:00'),
(806, 6, 'Okay', '2021-03-23', '00:00:00'),
(808, 6, 'Good', '2021-03-24', '00:00:00'),
(810, 6, 'Great', '2021-03-25', '00:00:00'),
(812, 6, 'Great', '2021-03-26', '00:00:00'),
(814, 6, 'Great', '2021-03-27', '00:00:00'),
(816, 6, 'Good', '2021-03-28', '00:00:00'),
(818, 6, 'Great', '2021-03-29', '00:00:00'),
(820, 6, 'Bad', '2021-03-30', '00:00:00'),
(822, 6, 'Bad', '2021-03-31', '00:00:00'),
(824, 6, 'Great', '2021-04-01', '00:00:00'),
(826, 6, 'Great', '2021-04-02', '00:00:00'),
(828, 6, 'Good', '2021-04-03', '00:00:00'),
(830, 6, 'Bad', '2021-04-04', '00:00:00'),
(832, 6, 'Okay', '2021-04-05', '00:00:00'),
(834, 6, 'Bad', '2021-04-06', '00:00:00'),
(836, 6, 'Good', '2021-04-07', '00:00:00'),
(838, 6, 'Okay', '2021-04-08', '00:00:00'),
(840, 6, 'Great', '2021-04-09', '00:00:00'),
(842, 6, 'Great', '2021-04-10', '00:00:00'),
(844, 6, 'Great', '2021-04-11', '00:00:00'),
(846, 6, 'Bad', '2021-04-12', '00:00:00'),
(848, 6, 'Good', '2021-04-13', '00:00:00'),
(850, 6, 'Bad', '2021-04-14', '00:00:00'),
(852, 6, 'Good', '2021-04-15', '00:00:00'),
(854, 6, 'Great', '2021-04-16', '00:00:00'),
(856, 6, 'Bad', '2021-04-17', '00:00:00'),
(858, 6, 'Good', '2021-04-18', '00:00:00'),
(862, 1, 'Great', '2021-04-19', '22:12:19'),
(864, 2, 'Good', '2021-04-20', '01:11:46'),
(865, 3, 'Bad', '2021-04-20', '01:13:17'),
(868, 4, 'Great', '2021-04-19', '23:38:51'),
(869, 4, 'Bad', '2021-04-20', '00:00:00'),
(870, 2, 'Good', '2021-04-19', '00:00:00'),
(871, 3, 'Good', '2021-04-19', '00:00:00'),
(872, 5, 'Good', '2021-04-19', '00:00:00'),
(873, 6, 'Bad', '2021-04-19', '00:00:00'),
(874, 5, 'Good', '2021-04-20', '00:00:00'),
(875, 6, 'Bad', '2021-04-20', '00:00:00');

-- --------------------------------------------------------

--
-- Table structure for table `vendor`
--

CREATE TABLE `vendor` (
  `ID` int(11) NOT NULL,
  `Name` varchar(225) NOT NULL,
  `Email` varchar(225) NOT NULL,
  `Service` varchar(225) NOT NULL,
  `WebsiteOrSocialMedia` varchar(225) NOT NULL,
  `ContactNumber` varchar(225) NOT NULL,
  `Location` varchar(225) NOT NULL,
  `Attachment` varchar(225) NOT NULL
) ENGINE=InnoDB DEFAULT CHARSET=utf8mb4;

--
-- Dumping data for table `vendor`
--

INSERT INTO `vendor` (`ID`, `Name`, `Email`, `Service`, `WebsiteOrSocialMedia`, `ContactNumber`, `Location`, `Attachment`) VALUES
(1, 'Lincon', 'email1@a.b', 'meditation', 'link1', '0112554847', '23', 'uploads/attachment1618768329.'),
(2, 'jack', 'email2@a.b', 'meditation', 'link2', '0345559876', '24', 'uploads/attachment1618768352.'),
(3, 'Jameson', 'email3@a.b', 'counselling', 'link3', '0815486543', '25', 'uploads/attachment1618768369.'),
(4, 'Cooper', 'email4@a.b', 'yoga', 'link4', '0746597165', '26', 'uploads/attachment1618768993.');

--
-- Indexes for dumped tables
--

--
-- Indexes for table `articles`
--
ALTER TABLE `articles`
  ADD PRIMARY KEY (`ID`);

--
-- Indexes for table `employee`
--
ALTER TABLE `employee`
  ADD PRIMARY KEY (`ID`),
  ADD UNIQUE KEY `Name` (`Name`);

--
-- Indexes for table `mood`
--
ALTER TABLE `mood`
  ADD PRIMARY KEY (`ID`);

--
-- Indexes for table `vendor`
--
ALTER TABLE `vendor`
  ADD PRIMARY KEY (`ID`);

--
-- AUTO_INCREMENT for dumped tables
--

--
-- AUTO_INCREMENT for table `articles`
--
ALTER TABLE `articles`
  MODIFY `ID` int(11) NOT NULL AUTO_INCREMENT, AUTO_INCREMENT=13;

--
-- AUTO_INCREMENT for table `employee`
--
ALTER TABLE `employee`
  MODIFY `ID` int(11) NOT NULL AUTO_INCREMENT, AUTO_INCREMENT=14;

--
-- AUTO_INCREMENT for table `mood`
--
ALTER TABLE `mood`
  MODIFY `ID` int(11) NOT NULL AUTO_INCREMENT, AUTO_INCREMENT=876;

--
-- AUTO_INCREMENT for table `vendor`
--
ALTER TABLE `vendor`
  MODIFY `ID` int(11) NOT NULL AUTO_INCREMENT, AUTO_INCREMENT=9;
COMMIT;

/*!40101 SET CHARACTER_SET_CLIENT=@OLD_CHARACTER_SET_CLIENT */;
/*!40101 SET CHARACTER_SET_RESULTS=@OLD_CHARACTER_SET_RESULTS */;
/*!40101 SET COLLATION_CONNECTION=@OLD_COLLATION_CONNECTION */;
